-- phpMyAdmin SQL Dump
-- version 4.9.4
-- https://www.phpmyadmin.net/
--
-- Host: localhost
-- Generation Time: Jan 22, 2023 at 09:03 PM
-- Server version: 10.5.17-MariaDB
-- PHP Version: 7.4.6

SET SQL_MODE = "NO_AUTO_VALUE_ON_ZERO";
SET AUTOCOMMIT = 0;
START TRANSACTION;
SET time_zone = "+00:00";


/*!40101 SET @OLD_CHARACTER_SET_CLIENT=@@CHARACTER_SET_CLIENT */;
/*!40101 SET @OLD_CHARACTER_SET_RESULTS=@@CHARACTER_SET_RESULTS */;
/*!40101 SET @OLD_COLLATION_CONNECTION=@@COLLATION_CONNECTION */;
/*!40101 SET NAMES utf8mb4 */;

--
-- Database: `wridzerkamphuis`
--

-- --------------------------------------------------------

--
-- Table structure for table `games`
--

CREATE TABLE `games` (
  `id` int(11) NOT NULL,
  `name` varchar(60) CHARACTER SET utf8 COLLATE utf8_bin NOT NULL
) ENGINE=InnoDB DEFAULT CHARSET=utf8mb4;

--
-- Dumping data for table `games`
--

INSERT INTO `games` (`id`, `name`) VALUES
(1, 'Stardew Valley'),
(2, 'Doom'),
(3, 'Trackmania'),
(4, 'Space VRacer'),
(5, 'Minecraft'),
(6, 'KikkerTanks');

-- --------------------------------------------------------

--
-- Table structure for table `leaderboard`
--

CREATE TABLE `leaderboard` (
  `id` int(11) NOT NULL,
  `time` bigint(20) UNSIGNED NOT NULL,
  `user_id` int(11) NOT NULL,
  `track_id` int(11) NOT NULL,
  `datetime` datetime NOT NULL DEFAULT current_timestamp()
) ENGINE=InnoDB DEFAULT CHARSET=utf8mb4;

--
-- Dumping data for table `leaderboard`
--

INSERT INTO `leaderboard` (`id`, `time`, `user_id`, `track_id`, `datetime`) VALUES
(1, 70000, 1, 1, '2022-06-10 13:14:30'),
(2, 70000, 1, 1, '2022-06-10 13:14:30'),
(3, 80000, 2, 1, '2022-06-10 13:14:30'),
(4, 85000, 4, 1, '2022-06-10 13:14:30'),
(5, 75000, 3, 1, '2022-06-10 13:14:30'),
(6, 96000, 5, 1, '2022-06-10 13:14:30'),
(7, 78632, 3, 1, '2022-06-10 13:14:30'),
(8, 96215, 4, 1, '2022-06-10 13:14:30'),
(9, 116187, 1, 4, '2022-06-14 21:44:53'),
(10, 137898, 1, 1, '2022-06-14 22:26:09'),
(11, 152475, 1, 1, '2022-06-14 22:38:16'),
(12, 65529, 1, 2, '2022-06-14 23:24:07'),
(13, 53605, 1, 2, '2022-06-14 23:26:36'),
(14, 61574, 1, 2, '2022-06-14 23:29:51'),
(15, 58135, 1, 2, '2022-06-14 23:35:51'),
(16, 63042, 1, 2, '2022-06-15 11:23:06'),
(17, 56508, 1, 2, '2022-06-15 11:25:41'),
(18, 57983, 1, 2, '2022-06-15 11:30:47'),
(19, 59783, 1, 2, '2022-06-15 11:48:27'),
(20, 51576, 1, 2, '2022-06-15 11:58:02'),
(21, 40653, 1, 2, '2022-06-15 12:45:19'),
(22, 69167, 1, 2, '2022-06-15 13:04:03'),
(23, 51777, 1, 2, '2022-06-15 13:25:26'),
(24, 69954, 1, 2, '2022-06-15 16:41:48'),
(25, 98617, 1, 2, '2022-06-15 19:33:14'),
(26, 23285, 1, 2, '2022-06-15 20:20:06'),
(27, 23287, 1, 2, '2022-06-15 20:20:06'),
(28, 23119, 1, 2, '2022-06-15 20:20:06'),
(29, 23287, 1, 2, '2022-06-15 20:20:06'),
(30, 23302, 1, 2, '2022-06-15 20:20:06'),
(31, 23302, 1, 2, '2022-06-15 20:20:06'),
(32, 23303, 1, 2, '2022-06-15 20:20:06'),
(33, 32664, 1, 2, '2022-06-15 20:21:35'),
(34, 32662, 1, 2, '2022-06-15 20:21:35'),
(35, 32679, 1, 2, '2022-06-15 20:21:35'),
(36, 32663, 1, 2, '2022-06-15 20:21:36'),
(37, 32481, 1, 2, '2022-06-15 20:21:36'),
(38, 32661, 1, 2, '2022-06-15 20:21:36'),
(39, 32663, 1, 2, '2022-06-15 20:21:36'),
(40, 27516, 1, 2, '2022-06-15 20:23:34'),
(41, 27687, 1, 2, '2022-06-15 20:23:34'),
(42, 27687, 1, 2, '2022-06-15 20:23:34'),
(43, 27687, 1, 2, '2022-06-15 20:23:34'),
(44, 27684, 1, 2, '2022-06-15 20:23:34'),
(45, 27686, 1, 2, '2022-06-15 20:23:34'),
(46, 27686, 1, 2, '2022-06-15 20:23:34'),
(47, 41035, 1, 2, '2022-06-15 20:36:26'),
(48, 41034, 1, 2, '2022-06-15 20:36:26'),
(49, 41017, 1, 2, '2022-06-15 20:36:26'),
(50, 41019, 1, 2, '2022-06-15 20:36:26'),
(51, 41034, 1, 2, '2022-06-15 20:36:26'),
(52, 41019, 1, 2, '2022-06-15 20:36:26'),
(53, 40835, 1, 2, '2022-06-15 20:36:26'),
(54, 48971, 1, 2, '2022-06-15 20:51:51'),
(55, 48970, 1, 2, '2022-06-15 20:51:51'),
(56, 48971, 1, 2, '2022-06-15 20:51:52'),
(57, 48970, 1, 2, '2022-06-15 20:51:52'),
(58, 48970, 1, 2, '2022-06-15 20:51:52'),
(59, 48970, 1, 2, '2022-06-15 20:51:52'),
(60, 48968, 1, 2, '2022-06-15 20:51:52'),
(61, 50225, 1, 2, '2022-06-15 21:09:22'),
(62, 50226, 1, 2, '2022-06-15 21:09:22'),
(63, 50225, 1, 2, '2022-06-15 21:09:22'),
(64, 50226, 1, 2, '2022-06-15 21:09:22'),
(65, 50226, 1, 2, '2022-06-15 21:09:22'),
(66, 50225, 1, 2, '2022-06-15 21:09:23'),
(67, 50223, 1, 2, '2022-06-15 21:09:23'),
(68, 39687, 1, 2, '2022-06-15 21:26:22'),
(69, 39723, 1, 2, '2022-06-15 21:26:22'),
(70, 39723, 1, 2, '2022-06-15 21:26:22'),
(71, 39723, 1, 2, '2022-06-15 21:26:22'),
(72, 39744, 1, 2, '2022-06-15 21:26:22'),
(73, 39744, 1, 2, '2022-06-15 21:26:22'),
(74, 39744, 1, 2, '2022-06-15 21:26:22'),
(75, 46976, 1, 2, '2022-06-15 21:40:54'),
(76, 46974, 1, 2, '2022-06-15 21:40:55'),
(77, 46976, 1, 2, '2022-06-15 21:40:55'),
(78, 46977, 1, 2, '2022-06-15 21:40:55'),
(79, 46977, 1, 2, '2022-06-15 21:40:55'),
(80, 46976, 1, 2, '2022-06-15 21:40:55'),
(81, 46976, 1, 2, '2022-06-15 21:40:55'),
(82, 40603, 1, 2, '2022-06-16 09:57:57'),
(83, 40601, 1, 2, '2022-06-16 09:57:57'),
(84, 40604, 1, 2, '2022-06-16 09:57:58'),
(85, 40603, 1, 2, '2022-06-16 09:57:58'),
(86, 40619, 1, 2, '2022-06-16 09:57:58'),
(87, 40618, 1, 2, '2022-06-16 09:57:58'),
(88, 40618, 1, 2, '2022-06-16 09:57:58'),
(89, 56893, 1, 2, '2022-06-16 10:02:11'),
(90, 56893, 1, 2, '2022-06-16 10:02:11'),
(91, 56891, 1, 2, '2022-06-16 10:02:11'),
(92, 56907, 1, 2, '2022-06-16 10:02:11'),
(93, 56893, 1, 2, '2022-06-16 10:02:11'),
(94, 56894, 1, 2, '2022-06-16 10:02:11'),
(95, 56908, 1, 2, '2022-06-16 10:02:11'),
(96, 110434, 1, 2, '2022-06-16 10:21:39'),
(97, 110437, 1, 2, '2022-06-16 10:21:39'),
(98, 110436, 1, 2, '2022-06-16 10:21:39'),
(99, 110455, 1, 2, '2022-06-16 10:21:39'),
(100, 110455, 1, 2, '2022-06-16 10:21:40'),
(101, 110455, 1, 2, '2022-06-16 10:21:40'),
(102, 110455, 1, 2, '2022-06-16 10:21:40'),
(103, 34160, 1, 2, '2022-06-16 10:22:47'),
(104, 34160, 1, 2, '2022-06-16 10:22:47'),
(105, 34159, 1, 2, '2022-06-16 10:22:47'),
(106, 34160, 1, 2, '2022-06-16 10:22:47'),
(107, 34158, 1, 2, '2022-06-16 10:22:47'),
(108, 34160, 1, 2, '2022-06-16 10:22:47'),
(109, 34159, 1, 2, '2022-06-16 10:22:48'),
(110, 31797, 1, 2, '2022-06-16 10:25:09'),
(111, 31781, 1, 2, '2022-06-16 10:25:10'),
(112, 31781, 1, 2, '2022-06-16 10:25:10'),
(113, 31781, 1, 2, '2022-06-16 10:25:10'),
(114, 31782, 1, 2, '2022-06-16 10:25:10'),
(115, 31797, 1, 2, '2022-06-16 10:25:10'),
(116, 31797, 1, 2, '2022-06-16 10:25:10'),
(117, 63841, 1, 2, '2022-06-16 10:35:54'),
(118, 63842, 1, 2, '2022-06-16 10:35:54'),
(119, 63841, 1, 2, '2022-06-16 10:35:54'),
(120, 63842, 1, 2, '2022-06-16 10:35:55'),
(121, 63841, 1, 2, '2022-06-16 10:35:55'),
(122, 63839, 1, 2, '2022-06-16 10:35:55'),
(123, 63862, 1, 2, '2022-06-16 10:35:55'),
(124, 44225, 1, 2, '2022-06-16 10:36:55'),
(125, 44226, 1, 2, '2022-06-16 10:36:55'),
(126, 44226, 1, 2, '2022-06-16 10:36:55'),
(127, 44225, 1, 2, '2022-06-16 10:36:55'),
(128, 44261, 1, 2, '2022-06-16 10:36:55'),
(129, 44261, 1, 2, '2022-06-16 10:36:55'),
(130, 44261, 1, 2, '2022-06-16 10:36:55'),
(131, 52794, 1, 2, '2022-06-16 11:17:44'),
(132, 52792, 1, 2, '2022-06-16 11:17:44'),
(133, 52794, 1, 2, '2022-06-16 11:17:44'),
(134, 52794, 1, 2, '2022-06-16 11:17:44'),
(135, 52807, 1, 2, '2022-06-16 11:17:44'),
(136, 52807, 1, 2, '2022-06-16 11:17:44'),
(137, 52807, 1, 2, '2022-06-16 11:17:44'),
(138, 39811, 1, 2, '2022-06-16 11:18:43'),
(139, 39812, 1, 2, '2022-06-16 11:18:43'),
(140, 39813, 1, 2, '2022-06-16 11:18:43'),
(141, 39812, 1, 2, '2022-06-16 11:18:43'),
(142, 39828, 1, 2, '2022-06-16 11:18:43'),
(143, 39828, 1, 2, '2022-06-16 11:18:43'),
(144, 39828, 1, 2, '2022-06-16 11:18:43'),
(145, 149778, 1, 2, '2022-06-16 11:25:08'),
(146, 149779, 1, 2, '2022-06-16 11:25:08'),
(147, 149779, 1, 2, '2022-06-16 11:25:09'),
(148, 149779, 1, 2, '2022-06-16 11:25:09'),
(149, 149778, 1, 2, '2022-06-16 11:25:09'),
(150, 149778, 1, 2, '2022-06-16 11:25:09'),
(151, 149776, 1, 2, '2022-06-16 11:25:09'),
(152, 39379, 1, 2, '2022-06-16 11:26:06'),
(153, 39379, 1, 2, '2022-06-16 11:26:06'),
(154, 39378, 1, 2, '2022-06-16 11:26:06'),
(155, 39378, 1, 2, '2022-06-16 11:26:06'),
(156, 39396, 1, 2, '2022-06-16 11:26:06'),
(157, 39396, 1, 2, '2022-06-16 11:26:06'),
(158, 39396, 1, 2, '2022-06-16 11:26:06'),
(159, 39768, 1, 2, '2022-06-16 11:26:57'),
(160, 39768, 1, 2, '2022-06-16 11:26:57'),
(161, 39784, 1, 2, '2022-06-16 11:26:57'),
(162, 39784, 1, 2, '2022-06-16 11:26:57'),
(163, 39784, 1, 2, '2022-06-16 11:26:57'),
(164, 39785, 1, 2, '2022-06-16 11:26:57'),
(165, 39784, 1, 2, '2022-06-16 11:26:57'),
(166, 92359, 1, 2, '2022-06-16 11:28:44'),
(167, 92359, 1, 2, '2022-06-16 11:28:45'),
(168, 92379, 1, 2, '2022-06-16 11:28:45'),
(169, 92379, 1, 2, '2022-06-16 11:28:45'),
(170, 92379, 1, 2, '2022-06-16 11:28:45'),
(171, 92379, 1, 2, '2022-06-16 11:28:45'),
(172, 92379, 1, 2, '2022-06-16 11:28:45'),
(173, 59427, 1, 2, '2022-06-16 11:56:13'),
(174, 59426, 1, 2, '2022-06-16 11:56:13'),
(175, 59428, 1, 2, '2022-06-16 11:56:13'),
(176, 59427, 1, 2, '2022-06-16 11:56:14'),
(177, 59428, 1, 2, '2022-06-16 11:56:14'),
(178, 59428, 1, 2, '2022-06-16 11:56:14'),
(179, 59428, 1, 2, '2022-06-16 11:56:14'),
(180, 30961, 1, 2, '2022-06-16 11:57:09'),
(181, 30961, 1, 2, '2022-06-16 11:57:09'),
(182, 30960, 1, 2, '2022-06-16 11:57:09'),
(183, 30961, 1, 2, '2022-06-16 11:57:10'),
(184, 30981, 1, 2, '2022-06-16 11:57:10'),
(185, 30981, 1, 2, '2022-06-16 11:57:10'),
(186, 30981, 1, 2, '2022-06-16 11:57:10'),
(187, 32735, 1, 2, '2022-06-16 11:58:37'),
(188, 32734, 1, 2, '2022-06-16 11:58:37'),
(189, 32735, 1, 2, '2022-06-16 11:58:37'),
(190, 32735, 1, 2, '2022-06-16 11:58:38'),
(191, 32735, 1, 2, '2022-06-16 11:58:38'),
(192, 32735, 1, 2, '2022-06-16 11:58:38'),
(193, 32736, 1, 2, '2022-06-16 11:58:38'),
(194, 31416, 1, 2, '2022-06-16 11:59:36'),
(195, 31415, 1, 2, '2022-06-16 11:59:36'),
(196, 31414, 1, 2, '2022-06-16 11:59:36'),
(197, 31415, 1, 2, '2022-06-16 11:59:36'),
(198, 31415, 1, 2, '2022-06-16 11:59:36'),
(199, 31415, 1, 2, '2022-06-16 11:59:36'),
(200, 31415, 1, 2, '2022-06-16 11:59:37'),
(201, 31545, 1, 2, '2022-06-16 12:01:14'),
(202, 31547, 1, 2, '2022-06-16 12:01:14'),
(203, 31547, 1, 2, '2022-06-16 12:01:14'),
(204, 31547, 1, 2, '2022-06-16 12:01:14'),
(205, 31565, 1, 2, '2022-06-16 12:01:14'),
(206, 31565, 1, 2, '2022-06-16 12:01:15'),
(207, 31565, 1, 2, '2022-06-16 12:01:15'),
(208, 32085, 1, 2, '2022-06-16 12:01:58'),
(209, 32084, 1, 2, '2022-06-16 12:01:58'),
(210, 32084, 1, 2, '2022-06-16 12:01:58'),
(211, 32085, 1, 2, '2022-06-16 12:01:58'),
(212, 32084, 1, 2, '2022-06-16 12:01:58'),
(213, 32102, 1, 2, '2022-06-16 12:01:58'),
(214, 32102, 1, 2, '2022-06-16 12:01:58'),
(215, 31269, 1, 2, '2022-06-16 12:02:41'),
(216, 31270, 1, 2, '2022-06-16 12:02:41'),
(217, 31270, 1, 2, '2022-06-16 12:02:41'),
(218, 31270, 1, 2, '2022-06-16 12:02:41'),
(219, 31270, 1, 2, '2022-06-16 12:02:41'),
(220, 31270, 1, 2, '2022-06-16 12:02:42'),
(221, 31287, 1, 2, '2022-06-16 12:02:42'),
(222, 48506, 1, 2, '2022-06-16 12:46:20'),
(223, 48504, 1, 2, '2022-06-16 12:46:20'),
(224, 48506, 1, 2, '2022-06-16 12:46:21'),
(225, 48506, 1, 2, '2022-06-16 12:46:21'),
(226, 48506, 1, 2, '2022-06-16 12:46:21'),
(227, 48521, 1, 2, '2022-06-16 12:46:21'),
(228, 48506, 1, 2, '2022-06-16 12:46:21'),
(229, 41253, 1, 2, '2022-06-16 12:47:19'),
(230, 41252, 1, 2, '2022-06-16 12:47:19'),
(231, 41269, 1, 2, '2022-06-16 12:47:19'),
(232, 41269, 1, 2, '2022-06-16 12:47:19'),
(233, 41269, 1, 2, '2022-06-16 12:47:19'),
(234, 41269, 1, 2, '2022-06-16 12:47:19'),
(235, 41269, 1, 2, '2022-06-16 12:47:19'),
(236, 43659, 1, 2, '2022-06-16 12:57:55'),
(237, 43660, 1, 2, '2022-06-16 12:57:55'),
(238, 43659, 1, 2, '2022-06-16 12:57:55'),
(239, 43657, 1, 2, '2022-06-16 12:57:55'),
(240, 43659, 1, 2, '2022-06-16 12:57:55'),
(241, 43659, 1, 2, '2022-06-16 12:57:55'),
(242, 43659, 1, 2, '2022-06-16 12:57:55'),
(243, 40781, 1, 2, '2022-06-16 12:58:48'),
(244, 40781, 1, 2, '2022-06-16 12:58:48'),
(245, 40813, 1, 2, '2022-06-16 12:58:48'),
(246, 40814, 1, 2, '2022-06-16 12:58:48'),
(247, 40813, 1, 2, '2022-06-16 12:58:48'),
(248, 40813, 1, 2, '2022-06-16 12:58:48'),
(249, 40814, 1, 2, '2022-06-16 12:58:48'),
(250, 148522, 1, 2, '2022-06-16 13:06:20'),
(251, 148519, 1, 2, '2022-06-16 13:06:20'),
(252, 148522, 1, 2, '2022-06-16 13:06:20'),
(253, 148522, 1, 2, '2022-06-16 13:06:20'),
(254, 148522, 1, 2, '2022-06-16 13:06:20'),
(255, 148522, 1, 2, '2022-06-16 13:06:20'),
(256, 148522, 1, 2, '2022-06-16 13:06:20'),
(257, 110228, 1, 2, '2022-06-16 13:08:21'),
(258, 110229, 1, 2, '2022-06-16 13:08:21'),
(259, 110229, 1, 2, '2022-06-16 13:08:22'),
(260, 110228, 1, 2, '2022-06-16 13:08:22'),
(261, 110245, 1, 2, '2022-06-16 13:08:22'),
(262, 110245, 1, 2, '2022-06-16 13:08:22'),
(263, 110245, 1, 2, '2022-06-16 13:08:22'),
(264, 75324, 1, 2, '2022-06-16 13:09:48'),
(265, 75324, 1, 2, '2022-06-16 13:09:48'),
(266, 75325, 1, 2, '2022-06-16 13:09:48'),
(267, 75323, 1, 2, '2022-06-16 13:09:48'),
(268, 75325, 1, 2, '2022-06-16 13:09:48'),
(269, 75325, 1, 2, '2022-06-16 13:09:48'),
(270, 75325, 1, 2, '2022-06-16 13:09:48'),
(271, 57794, 1, 2, '2022-06-16 13:22:11'),
(272, 57795, 1, 2, '2022-06-16 13:22:11'),
(273, 57811, 1, 2, '2022-06-16 13:22:12'),
(274, 57811, 1, 2, '2022-06-16 13:22:12'),
(275, 57811, 1, 2, '2022-06-16 13:22:12'),
(276, 57811, 1, 2, '2022-06-16 13:22:12'),
(277, 57811, 1, 2, '2022-06-16 13:22:12'),
(278, 66426, 1, 2, '2022-06-16 13:23:43'),
(279, 66425, 1, 2, '2022-06-16 13:23:43'),
(280, 66445, 1, 2, '2022-06-16 13:23:43'),
(281, 66444, 1, 2, '2022-06-16 13:23:43'),
(282, 66445, 1, 2, '2022-06-16 13:23:43'),
(283, 66445, 1, 2, '2022-06-16 13:23:43'),
(284, 66445, 1, 2, '2022-06-16 13:23:43'),
(285, 48565, 1, 2, '2022-07-19 10:16:28'),
(286, 48564, 1, 2, '2022-07-19 10:16:28'),
(287, 48562, 1, 2, '2022-07-19 10:16:28'),
(288, 48564, 1, 2, '2022-07-19 10:16:28'),
(289, 48565, 1, 2, '2022-07-19 10:16:28'),
(290, 48564, 1, 2, '2022-07-19 10:16:28'),
(291, 48515, 1, 2, '2022-07-19 10:16:29'),
(292, 32571, 1, 2, '2022-08-10 14:27:31'),
(293, 32486, 1, 2, '2022-08-10 14:27:31'),
(294, 32572, 1, 2, '2022-08-10 14:27:31'),
(295, 32573, 1, 2, '2022-08-10 14:27:31'),
(296, 32572, 1, 2, '2022-08-10 14:27:31'),
(297, 32569, 1, 2, '2022-08-10 14:27:31'),
(298, 32573, 1, 2, '2022-08-10 14:27:31'),
(299, 22871, 1, 2, '2022-08-11 21:28:31'),
(300, 22874, 1, 2, '2022-08-11 21:28:31'),
(301, 22872, 1, 2, '2022-08-11 21:28:31'),
(302, 22874, 1, 2, '2022-08-11 21:28:31'),
(303, 22834, 1, 2, '2022-08-11 21:28:31'),
(304, 22873, 1, 2, '2022-08-11 21:28:31'),
(305, 22872, 1, 2, '2022-08-11 21:28:31'),
(306, 56785, 1, 2, '2022-08-12 09:12:23'),
(307, 56753, 1, 2, '2022-08-12 09:12:23'),
(308, 56651, 1, 2, '2022-08-12 09:12:23'),
(309, 56759, 1, 2, '2022-08-12 09:12:23'),
(310, 56758, 1, 2, '2022-08-12 09:12:23'),
(311, 56786, 1, 2, '2022-08-12 09:12:23'),
(312, 56758, 1, 2, '2022-08-12 09:12:24'),
(313, 69430, 1, 2, '2022-08-12 09:40:34'),
(314, 69355, 1, 2, '2022-08-12 09:40:34'),
(315, 69429, 1, 2, '2022-08-12 09:40:34'),
(316, 69431, 1, 2, '2022-08-12 09:40:34'),
(317, 69427, 1, 2, '2022-08-12 09:40:34'),
(318, 69429, 1, 2, '2022-08-12 09:40:34'),
(319, 69430, 1, 2, '2022-08-12 09:40:35'),
(320, 159658, 1, 2, '2022-08-12 09:46:37'),
(321, 159712, 1, 2, '2022-08-12 09:46:38'),
(322, 159710, 1, 2, '2022-08-12 09:46:38'),
(323, 159713, 1, 2, '2022-08-12 09:46:38'),
(324, 159713, 1, 2, '2022-08-12 09:46:38'),
(325, 159734, 1, 2, '2022-08-12 09:46:38'),
(326, 159735, 1, 2, '2022-08-12 09:46:38'),
(327, 47450, 1, 2, '2022-08-12 09:59:21'),
(328, 47453, 1, 2, '2022-08-12 09:59:21'),
(329, 47452, 1, 2, '2022-08-12 09:59:21'),
(330, 47455, 1, 2, '2022-08-12 09:59:21'),
(331, 47397, 1, 2, '2022-08-12 09:59:21'),
(332, 47454, 1, 2, '2022-08-12 09:59:21'),
(333, 47454, 1, 2, '2022-08-12 09:59:21'),
(334, 43156, 1, 2, '2022-08-12 10:14:36'),
(335, 43118, 1, 2, '2022-08-12 10:14:36'),
(336, 43158, 1, 2, '2022-08-12 10:14:36'),
(337, 43156, 1, 2, '2022-08-12 10:14:36'),
(338, 43157, 1, 2, '2022-08-12 10:14:36'),
(339, 43155, 1, 2, '2022-08-12 10:14:36'),
(340, 43157, 1, 2, '2022-08-12 10:14:37'),
(341, 45784, 1, 2, '2022-08-12 10:54:54'),
(342, 45800, 1, 2, '2022-08-12 10:54:54'),
(343, 45801, 1, 2, '2022-08-12 10:54:54'),
(344, 45801, 1, 2, '2022-08-12 10:54:54'),
(345, 45801, 1, 2, '2022-08-12 10:54:54'),
(346, 45801, 1, 2, '2022-08-12 10:54:54'),
(347, 45800, 1, 2, '2022-08-12 10:54:54'),
(348, 112320, 1, 2, '2022-08-12 10:57:24'),
(349, 112334, 1, 2, '2022-08-12 10:57:24'),
(350, 112334, 1, 2, '2022-08-12 10:57:24'),
(351, 112320, 1, 2, '2022-08-12 10:57:25'),
(352, 112334, 1, 2, '2022-08-12 10:57:25'),
(353, 112317, 1, 2, '2022-08-12 10:57:25'),
(354, 112320, 1, 2, '2022-08-12 10:57:25'),
(355, 46237, 1, 2, '2022-08-12 10:58:23'),
(356, 46237, 1, 2, '2022-08-12 10:58:23'),
(357, 46236, 1, 2, '2022-08-12 10:58:23'),
(358, 46235, 1, 2, '2022-08-12 10:58:23'),
(359, 46254, 1, 2, '2022-08-12 10:58:23'),
(360, 46254, 1, 2, '2022-08-12 10:58:23'),
(361, 46254, 1, 2, '2022-08-12 10:58:23'),
(362, 42994, 1, 2, '2022-08-12 10:59:17'),
(363, 42994, 1, 2, '2022-08-12 10:59:17'),
(364, 43012, 1, 2, '2022-08-12 10:59:17'),
(365, 43012, 1, 2, '2022-08-12 10:59:18'),
(366, 43012, 1, 2, '2022-08-12 10:59:18'),
(367, 43011, 1, 2, '2022-08-12 10:59:18'),
(368, 43012, 1, 2, '2022-08-12 10:59:18'),
(369, 38897, 1, 2, '2022-08-12 11:01:42'),
(370, 38897, 1, 2, '2022-08-12 11:01:42'),
(371, 38899, 1, 2, '2022-08-12 11:01:42'),
(372, 38899, 1, 2, '2022-08-12 11:01:42'),
(373, 38898, 1, 2, '2022-08-12 11:01:42'),
(374, 38824, 1, 2, '2022-08-12 11:01:43'),
(375, 38895, 1, 2, '2022-08-12 11:01:43');

-- --------------------------------------------------------

--
-- Table structure for table `scores`
--

CREATE TABLE `scores` (
  `id` int(11) NOT NULL,
  `score` float NOT NULL,
  `datetime` datetime NOT NULL DEFAULT current_timestamp(),
  `user_id` int(11) NOT NULL,
  `game_id` int(11) NOT NULL
) ENGINE=InnoDB DEFAULT CHARSET=utf8mb4;

--
-- Dumping data for table `scores`
--

INSERT INTO `scores` (`id`, `score`, `datetime`, `user_id`, `game_id`) VALUES
(1, 153, '2022-04-22 14:27:23', 1, 1),
(2, 435, '2022-04-22 14:27:23', 2, 3),
(3, 753, '2022-04-22 14:27:23', 4, 2),
(4, 951, '2022-04-22 14:27:23', 5, 3),
(5, 354, '2022-04-22 14:27:23', 2, 4),
(6, 156, '2022-04-22 14:48:25', 5, 5),
(7, 465, '2022-04-22 14:48:26', 5, 5),
(8, 725, '2022-04-22 14:48:26', 5, 5),
(9, 753, '2022-04-22 14:48:27', 5, 5),
(10, 946, '2022-04-22 14:48:28', 5, 5),
(11, 152, '2022-05-09 11:00:18', 5, 3),
(12, 654, '2022-05-09 11:13:36', 3, 2),
(14, 156, '2022-05-09 11:37:08', 1, 1),
(15, 164, '2022-05-16 11:12:51', 2, 3),
(16, 125, '2022-05-24 10:09:47', 1, 1),
(17, 125, '2022-05-31 14:34:13', 1, 1),
(18, 3, '2023-01-17 15:23:58', 1, 1),
(19, 3, '2023-01-22 17:20:28', 1, 5),
(20, 3, '2023-01-22 17:21:35', 1, 5),
(21, 1, '2023-01-22 17:25:39', 1, 6),
(22, 180, '2023-01-22 17:32:38', 1, 6),
(23, 180, '2023-01-22 17:32:38', 1, 6),
(24, 180, '2023-01-22 17:32:38', 1, 6),
(25, 180, '2023-01-22 17:32:38', 1, 6),
(26, 180, '2023-01-22 17:32:38', 1, 6),
(27, 180, '2023-01-22 17:32:38', 1, 6),
(28, 180, '2023-01-22 17:32:38', 1, 6),
(29, 180, '2023-01-22 17:32:38', 1, 6),
(30, 180, '2023-01-22 17:32:38', 1, 6),
(31, 180, '2023-01-22 17:32:38', 1, 6),
(32, 180, '2023-01-22 17:32:38', 1, 6),
(33, 180, '2023-01-22 17:32:39', 1, 6),
(34, 180, '2023-01-22 17:32:39', 1, 6),
(35, 180, '2023-01-22 17:32:39', 1, 6),
(36, 180, '2023-01-22 17:32:39', 1, 6),
(37, 180, '2023-01-22 17:32:39', 1, 6),
(38, 180, '2023-01-22 17:32:39', 1, 6),
(39, 180, '2023-01-22 17:32:39', 1, 6),
(40, 180, '2023-01-22 17:32:39', 1, 6),
(41, 180, '2023-01-22 17:32:39', 1, 6),
(42, 180, '2023-01-22 17:32:39', 1, 6),
(43, 180, '2023-01-22 17:32:39', 1, 6),
(44, 180, '2023-01-22 17:32:39', 1, 6),
(45, 180, '2023-01-22 17:32:39', 1, 6),
(46, 180, '2023-01-22 17:32:39', 1, 6),
(47, 180, '2023-01-22 17:32:39', 1, 6),
(48, 180, '2023-01-22 17:32:40', 1, 6),
(49, 180, '2023-01-22 17:32:40', 1, 6),
(50, 180, '2023-01-22 17:32:40', 1, 6),
(51, 180, '2023-01-22 17:32:40', 1, 6),
(52, 180, '2023-01-22 17:32:40', 1, 6),
(53, 180, '2023-01-22 17:32:40', 1, 6),
(54, 180, '2023-01-22 17:32:40', 1, 6),
(55, 180, '2023-01-22 17:32:40', 1, 6),
(56, 180, '2023-01-22 17:32:40', 1, 6),
(57, 180, '2023-01-22 17:32:40', 1, 6),
(58, 180, '2023-01-22 17:32:41', 1, 6),
(59, 180, '2023-01-22 17:32:41', 1, 6),
(60, 180, '2023-01-22 17:32:41', 1, 6),
(61, 180, '2023-01-22 17:32:41', 1, 6),
(62, 180, '2023-01-22 17:32:42', 1, 6),
(63, 180, '2023-01-22 17:32:42', 1, 6),
(64, 180, '2023-01-22 17:32:42', 1, 6),
(65, 180, '2023-01-22 17:32:42', 1, 6),
(66, 180, '2023-01-22 17:32:42', 1, 6),
(67, 180, '2023-01-22 17:32:42', 1, 6),
(68, 180, '2023-01-22 17:32:42', 1, 6),
(69, 180, '2023-01-22 17:32:42', 1, 6),
(70, 180, '2023-01-22 17:32:42', 1, 6),
(71, 180, '2023-01-22 17:32:42', 1, 6),
(72, 180, '2023-01-22 17:32:42', 1, 6),
(73, 180, '2023-01-22 17:32:42', 1, 6),
(74, 180, '2023-01-22 17:32:42', 1, 6),
(75, 180, '2023-01-22 17:32:42', 1, 6),
(76, 180, '2023-01-22 17:32:42', 1, 6),
(77, 180, '2023-01-22 17:32:42', 1, 6),
(78, 180, '2023-01-22 17:32:42', 1, 6),
(79, 180, '2023-01-22 17:32:42', 1, 6),
(80, 180, '2023-01-22 17:32:42', 1, 6),
(81, 180, '2023-01-22 17:32:42', 1, 6),
(82, 180, '2023-01-22 17:32:42', 1, 6),
(83, 180, '2023-01-22 17:32:42', 1, 6),
(84, 180, '2023-01-22 17:32:42', 1, 6),
(85, 180, '2023-01-22 17:32:42', 1, 6),
(86, 180, '2023-01-22 17:32:43', 1, 6),
(87, 180, '2023-01-22 17:32:43', 1, 6),
(88, 180, '2023-01-22 17:32:43', 1, 6),
(89, 180, '2023-01-22 17:32:43', 1, 6),
(90, 180, '2023-01-22 17:32:43', 1, 6),
(91, 180, '2023-01-22 17:32:43', 1, 6),
(92, 180, '2023-01-22 17:32:43', 1, 6),
(93, 180, '2023-01-22 17:32:43', 1, 6),
(94, 180, '2023-01-22 17:32:43', 1, 6),
(95, 180, '2023-01-22 17:32:43', 1, 6),
(96, 180, '2023-01-22 17:32:43', 1, 6),
(97, 180, '2023-01-22 17:32:43', 1, 6),
(98, 180, '2023-01-22 17:32:44', 1, 6),
(99, 180, '2023-01-22 17:32:44', 1, 6),
(100, 180, '2023-01-22 17:32:44', 1, 6),
(101, 180, '2023-01-22 17:32:44', 1, 6),
(102, 180, '2023-01-22 17:32:44', 1, 6),
(103, 180, '2023-01-22 17:32:44', 1, 6),
(104, 180, '2023-01-22 17:32:45', 1, 6),
(105, 180, '2023-01-22 17:32:45', 1, 6),
(106, 180, '2023-01-22 17:32:45', 1, 6),
(107, 180, '2023-01-22 17:32:45', 1, 6),
(108, 180, '2023-01-22 17:32:45', 1, 6),
(109, 180, '2023-01-22 17:32:45', 1, 6),
(110, 180, '2023-01-22 17:32:45', 1, 6),
(111, 180, '2023-01-22 17:32:45', 1, 6),
(112, 180, '2023-01-22 17:32:45', 1, 6),
(113, 180, '2023-01-22 17:32:45', 1, 6),
(114, 180, '2023-01-22 17:32:45', 1, 6),
(115, 180, '2023-01-22 17:32:45', 1, 6),
(116, 180, '2023-01-22 17:32:45', 1, 6),
(117, 180, '2023-01-22 17:32:45', 1, 6),
(118, 180, '2023-01-22 17:32:45', 1, 6),
(119, 180, '2023-01-22 17:32:46', 1, 6),
(120, 180, '2023-01-22 17:32:46', 1, 6),
(121, 180, '2023-01-22 17:32:46', 1, 6),
(122, 180, '2023-01-22 17:32:46', 1, 6),
(123, 180, '2023-01-22 17:32:46', 1, 6),
(124, 180, '2023-01-22 17:32:46', 1, 6),
(125, 180, '2023-01-22 17:32:46', 1, 6),
(126, 180, '2023-01-22 17:32:46', 1, 6),
(127, 180, '2023-01-22 17:32:46', 1, 6),
(128, 180, '2023-01-22 17:32:46', 1, 6),
(129, 180, '2023-01-22 17:32:46', 1, 6),
(130, 180, '2023-01-22 17:32:46', 1, 6),
(131, 180, '2023-01-22 17:32:46', 1, 6),
(132, 180, '2023-01-22 17:32:46', 1, 6),
(133, 180, '2023-01-22 17:32:46', 1, 6),
(134, 180, '2023-01-22 17:32:47', 1, 6),
(135, 180, '2023-01-22 17:32:47', 1, 6),
(136, 180, '2023-01-22 17:32:47', 1, 6),
(137, 180, '2023-01-22 17:32:47', 1, 6),
(138, 180, '2023-01-22 17:32:47', 1, 6),
(139, 180, '2023-01-22 17:32:47', 1, 6),
(140, 180, '2023-01-22 17:32:47', 1, 6),
(141, 180, '2023-01-22 17:32:47', 1, 6),
(142, 180, '2023-01-22 17:32:47', 1, 6),
(143, 180, '2023-01-22 17:32:47', 1, 6),
(144, 180, '2023-01-22 17:32:47', 1, 6),
(145, 180, '2023-01-22 17:32:47', 1, 6),
(146, 180, '2023-01-22 17:32:47', 1, 6),
(147, 180, '2023-01-22 17:32:48', 1, 6),
(148, 180, '2023-01-22 17:32:48', 1, 6),
(149, 180, '2023-01-22 17:32:48', 1, 6),
(150, 180, '2023-01-22 17:32:48', 1, 6),
(151, 180, '2023-01-22 17:32:48', 1, 6),
(152, 180, '2023-01-22 17:32:48', 1, 6),
(153, 180, '2023-01-22 17:32:48', 1, 6),
(154, 180, '2023-01-22 17:32:48', 1, 6),
(155, 180, '2023-01-22 17:32:48', 1, 6),
(156, 180, '2023-01-22 17:32:49', 1, 6),
(157, 180, '2023-01-22 17:32:49', 1, 6),
(158, 180, '2023-01-22 17:32:49', 1, 6),
(159, 180, '2023-01-22 17:32:49', 1, 6),
(160, 180, '2023-01-22 17:32:49', 1, 6),
(161, 180, '2023-01-22 17:32:49', 1, 6),
(162, 180, '2023-01-22 17:32:49', 1, 6),
(163, 180, '2023-01-22 17:32:49', 1, 6),
(164, 180, '2023-01-22 17:32:49', 1, 6),
(165, 180, '2023-01-22 17:32:49', 1, 6),
(166, 180, '2023-01-22 17:32:49', 1, 6),
(167, 180, '2023-01-22 17:32:49', 1, 6),
(168, 180, '2023-01-22 17:32:49', 1, 6),
(169, 180, '2023-01-22 17:32:49', 1, 6),
(170, 180, '2023-01-22 17:32:49', 1, 6),
(171, 180, '2023-01-22 17:32:49', 1, 6),
(172, 180, '2023-01-22 17:32:49', 1, 6),
(173, 180, '2023-01-22 17:32:50', 1, 6),
(174, 180, '2023-01-22 17:32:50', 1, 6),
(175, 180, '2023-01-22 17:32:50', 1, 6),
(176, 180, '2023-01-22 17:32:50', 1, 6),
(177, 180, '2023-01-22 17:32:50', 1, 6),
(178, 180, '2023-01-22 17:32:50', 1, 6),
(179, 180, '2023-01-22 17:32:50', 1, 6),
(180, 180, '2023-01-22 17:32:50', 1, 6),
(181, 180, '2023-01-22 17:32:50', 1, 6),
(182, 180, '2023-01-22 17:32:50', 1, 6),
(183, 180, '2023-01-22 17:32:50', 1, 6),
(184, 180, '2023-01-22 17:32:51', 1, 6),
(185, 180, '2023-01-22 17:32:51', 1, 6),
(186, 180, '2023-01-22 17:32:51', 1, 6),
(187, 180, '2023-01-22 17:32:51', 1, 6),
(188, 180, '2023-01-22 17:32:51', 1, 6),
(189, 180, '2023-01-22 17:32:51', 1, 6),
(190, 180, '2023-01-22 17:32:51', 1, 6),
(191, 180, '2023-01-22 17:32:51', 1, 6),
(192, 180, '2023-01-22 17:32:51', 1, 6),
(193, 180, '2023-01-22 17:32:51', 1, 6),
(194, 180, '2023-01-22 18:43:52', 1, 6),
(195, 100, '2023-01-22 19:05:09', 1, 6),
(196, 100, '2023-01-22 19:08:58', 1, 6),
(197, 100, '2023-01-22 19:09:35', 1, 6),
(198, 100, '2023-01-22 19:13:03', 1, 6),
(199, 100, '2023-01-22 19:13:39', 1, 6),
(200, 100, '2023-01-22 19:14:05', 1, 6),
(201, 100, '2023-01-22 19:22:06', 2, 6),
(202, 100, '2023-01-22 19:22:06', 1, 6),
(203, 100, '2023-01-22 19:22:06', 2, 6),
(204, 100, '2023-01-22 19:22:06', 1, 6),
(205, 100, '2023-01-22 19:32:10', 2, 6),
(206, 100, '2023-01-22 19:32:10', 1, 6),
(207, 100, '2023-01-22 19:42:34', 1, 6),
(208, 100, '2023-01-22 19:49:58', 1, 6),
(209, 100, '2023-01-22 19:49:58', 2, 6),
(210, 100, '2023-01-22 19:50:08', 1, 6),
(211, 100, '2023-01-22 19:57:17', 2, 6),
(212, 100, '2023-01-22 19:59:42', 2, 6),
(213, 100, '2023-01-22 20:10:03', 2, 6),
(214, 100, '2023-01-22 20:30:35', 2, 6),
(215, 100, '2023-01-22 20:37:50', 2, 6),
(216, 100, '2023-01-22 20:45:10', 1, 6),
(217, 100, '2023-01-22 20:55:13', 1, 6),
(218, 100, '2023-01-22 20:55:13', 2, 6),
(219, 100, '2023-01-22 20:55:28', 1, 6),
(220, 100, '2023-01-22 20:59:16', 1, 6),
(221, 100, '2023-01-22 21:04:44', 1, 6),
(222, 100, '2023-01-22 21:07:41', 1, 6),
(223, 100, '2023-01-22 21:07:41', 2, 6);

-- --------------------------------------------------------

--
-- Table structure for table `servers`
--

CREATE TABLE `servers` (
  `id` int(11) NOT NULL,
  `password` varchar(25) NOT NULL
) ENGINE=InnoDB DEFAULT CHARSET=utf8mb4;

--
-- Dumping data for table `servers`
--

INSERT INTO `servers` (`id`, `password`) VALUES
(1, 'admin');

-- --------------------------------------------------------

--
-- Table structure for table `users`
--

CREATE TABLE `users` (
  `id` int(11) NOT NULL,
  `name` varchar(40) COLLATE utf8_bin NOT NULL,
  `email` varchar(60) COLLATE utf8_bin NOT NULL,
  `password` varchar(100) COLLATE utf8_bin NOT NULL,
  `dateofbirth` date NOT NULL,
  `momentjoined` datetime NOT NULL DEFAULT current_timestamp(),
  `nickname` varchar(20) COLLATE utf8_bin NOT NULL
) ENGINE=InnoDB DEFAULT CHARSET=utf8 COLLATE=utf8_bin;

--
-- Dumping data for table `users`
--

INSERT INTO `users` (`id`, `name`, `email`, `password`, `dateofbirth`, `momentjoined`, `nickname`) VALUES
(1, 'Wridzer', 'wridzer12@gmail.com', 'Wachtwoord123', '1999-03-22', '2022-04-22 14:17:03', 'Koelekikkers.nl'),
(2, 'Peter', 'peter@gmail.com', 'Wachtwoord123', '2001-05-02', '2022-04-22 14:23:07', 'peterpoffertje'),
(3, 'Karel', 'karel@hotmail.com', 'Wachtwoord123', '1999-11-16', '2022-04-22 14:23:08', 'koelekarel'),
(4, 'Henk', 'henkie63@gmail.com', 'Wachtwoord123', '1996-09-25', '2022-04-22 14:23:08', 'henkie123'),
(5, 'Fred', 'freddie69@live.com', 'Wachtwoord123', '1989-08-24', '2022-04-22 14:23:08', 'viezefreddie'),
(6, 'Bep', 'Bep63@gmail.com', 'Wachtwoord123', '1963-05-05', '2023-01-22 01:17:21', 'bestebeppie63');

--
-- Indexes for dumped tables
--

--
-- Indexes for table `games`
--
ALTER TABLE `games`
  ADD PRIMARY KEY (`id`);

--
-- Indexes for table `leaderboard`
--
ALTER TABLE `leaderboard`
  ADD PRIMARY KEY (`id`);

--
-- Indexes for table `scores`
--
ALTER TABLE `scores`
  ADD PRIMARY KEY (`id`);

--
-- Indexes for table `servers`
--
ALTER TABLE `servers`
  ADD PRIMARY KEY (`id`);

--
-- Indexes for table `users`
--
ALTER TABLE `users`
  ADD PRIMARY KEY (`id`);

--
-- AUTO_INCREMENT for dumped tables
--

--
-- AUTO_INCREMENT for table `games`
--
ALTER TABLE `games`
  MODIFY `id` int(11) NOT NULL AUTO_INCREMENT, AUTO_INCREMENT=7;

--
-- AUTO_INCREMENT for table `leaderboard`
--
ALTER TABLE `leaderboard`
  MODIFY `id` int(11) NOT NULL AUTO_INCREMENT, AUTO_INCREMENT=376;

--
-- AUTO_INCREMENT for table `scores`
--
ALTER TABLE `scores`
  MODIFY `id` int(11) NOT NULL AUTO_INCREMENT, AUTO_INCREMENT=224;

--
-- AUTO_INCREMENT for table `servers`
--
ALTER TABLE `servers`
  MODIFY `id` int(11) NOT NULL AUTO_INCREMENT, AUTO_INCREMENT=2;

--
-- AUTO_INCREMENT for table `users`
--
ALTER TABLE `users`
  MODIFY `id` int(11) NOT NULL AUTO_INCREMENT, AUTO_INCREMENT=7;
COMMIT;

/*!40101 SET CHARACTER_SET_CLIENT=@OLD_CHARACTER_SET_CLIENT */;
/*!40101 SET CHARACTER_SET_RESULTS=@OLD_CHARACTER_SET_RESULTS */;
/*!40101 SET COLLATION_CONNECTION=@OLD_COLLATION_CONNECTION */;
